-- phpMyAdmin SQL Dump
-- version 5.0.1
-- https://www.phpmyadmin.net/
--
-- Host: localhost
-- Generation Time: Apr 01, 2020 at 04:18 AM
-- Server version: 10.4.11-MariaDB
-- PHP Version: 7.4.2

SET SQL_MODE = "NO_AUTO_VALUE_ON_ZERO";
SET AUTOCOMMIT = 0;
START TRANSACTION;
SET time_zone = "+00:00";


/*!40101 SET @OLD_CHARACTER_SET_CLIENT=@@CHARACTER_SET_CLIENT */;
/*!40101 SET @OLD_CHARACTER_SET_RESULTS=@@CHARACTER_SET_RESULTS */;
/*!40101 SET @OLD_COLLATION_CONNECTION=@@COLLATION_CONNECTION */;
/*!40101 SET NAMES utf8mb4 */;

--
-- Database: `db_keuangan`
--

-- --------------------------------------------------------

--
-- Table structure for table `tbl_anggaran`
--

CREATE TABLE `tbl_anggaran` (
  `id_anggaran` int(11) NOT NULL,
  `id_klien` int(11) NOT NULL,
  `id_bulan` int(11) NOT NULL,
  `tahun` int(11) NOT NULL,
  `date_created` timestamp NOT NULL DEFAULT current_timestamp()
) ENGINE=InnoDB DEFAULT CHARSET=utf8mb4;

--
-- Dumping data for table `tbl_anggaran`
--

INSERT INTO `tbl_anggaran` (`id_anggaran`, `id_klien`, `id_bulan`, `tahun`, `date_created`) VALUES
(1, 1, 1, 2019, '2020-03-05 04:27:33'),
(2, 1, 2, 2019, '2020-03-09 01:28:27'),
(3, 1, 2, 2019, '2020-03-20 02:48:11'),
(4, 1, 5, 2019, '2020-03-20 03:28:39'),
(5, 1, 5, 2019, '2020-03-20 03:32:11'),
(6, 1, 1, 2019, '2020-03-26 14:42:40'),
(7, 1, 2, 2020, '2020-03-26 15:34:50');

-- --------------------------------------------------------

--
-- Table structure for table `tbl_bulan`
--

CREATE TABLE `tbl_bulan` (
  `id_bulan` int(11) NOT NULL,
  `nama_bulan` varchar(20) NOT NULL
) ENGINE=InnoDB DEFAULT CHARSET=utf8mb4;

--
-- Dumping data for table `tbl_bulan`
--

INSERT INTO `tbl_bulan` (`id_bulan`, `nama_bulan`) VALUES
(1, 'January'),
(2, 'February'),
(3, 'March'),
(4, 'April'),
(5, 'May'),
(6, 'June'),
(7, 'July'),
(8, 'August'),
(9, 'September'),
(10, 'October'),
(11, 'November'),
(12, 'December');

-- --------------------------------------------------------

--
-- Table structure for table `tbl_detail_anggaran`
--

CREATE TABLE `tbl_detail_anggaran` (
  `id_detail_anggaran` int(11) NOT NULL,
  `id_anggaran` int(11) NOT NULL,
  `id_pos` int(11) NOT NULL,
  `uraian` varchar(100) NOT NULL,
  `volume` int(11) NOT NULL,
  `satuan` varchar(100) NOT NULL,
  `harga_satuan` double NOT NULL,
  `pengeluaran` double NOT NULL
) ENGINE=InnoDB DEFAULT CHARSET=utf8mb4;

--
-- Dumping data for table `tbl_detail_anggaran`
--

INSERT INTO `tbl_detail_anggaran` (`id_detail_anggaran`, `id_anggaran`, `id_pos`, `uraian`, `volume`, `satuan`, `harga_satuan`, `pengeluaran`) VALUES
(2, 1, 1, 'aaa', 12, 'paket', 123, 123),
(3, 1, 1, 'bbb', 123, 'paket', 1234, 1234),
(4, 1, 1, 'ccc', 1234, 'paket', 12345, 12345),
(5, 3, 1, 'Perlengkapan Administrasi', 1, 'paket', 125000, 1),
(10, 5, 1, 'aaa', 1, 'paket', 1000, 1000),
(11, 5, 1, 'bbb', 1, 'paket', 1000, 1000),
(12, 6, 2, 'aaa', 1, 'paket', 2000, 2000),
(13, 7, 1, 'aaa', 1, 'paket', 10000, 10000),
(14, 7, 1, 'bbb', 2, 'buku', 10000, 10000),
(15, 7, 1, 'ccc', 3, 'bulan', 10000, 10000),
(16, 7, 1, 'ddd', 4, 'buku', 10000, 10000);

-- --------------------------------------------------------

--
-- Table structure for table `tbl_kategori`
--

CREATE TABLE `tbl_kategori` (
  `id_kategori` int(11) NOT NULL,
  `nama_kategori` varchar(100) NOT NULL
) ENGINE=InnoDB DEFAULT CHARSET=utf8;

--
-- Dumping data for table `tbl_kategori`
--

INSERT INTO `tbl_kategori` (`id_kategori`, `nama_kategori`) VALUES
(1, 'Administration');

-- --------------------------------------------------------

--
-- Table structure for table `tbl_klien`
--

CREATE TABLE `tbl_klien` (
  `id_klien` int(11) NOT NULL,
  `nama_perusahaan` varchar(100) NOT NULL,
  `nama_klien` varchar(100) NOT NULL,
  `alamat_klien` varchar(200) NOT NULL,
  `email_klien` varchar(200) NOT NULL,
  `telepon_klien` varchar(15) NOT NULL
) ENGINE=InnoDB DEFAULT CHARSET=utf8mb4;

--
-- Dumping data for table `tbl_klien`
--

INSERT INTO `tbl_klien` (`id_klien`, `nama_perusahaan`, `nama_klien`, `alamat_klien`, `email_klien`, `telepon_klien`) VALUES
(1, 'Lauwba Techno Indonesia  Banget', 'Sigit Suryono', 'Perumahan Puri Adi Citra No B1 Condong Catur', 'sigit_suryono25@hotmail.com', '6289622069616'),
(5, 'Lauwba', 'Sigit Suryono', 'Puri Adi Citra', 'sigitharsy25@gmail.com', '85201461240');

-- --------------------------------------------------------

--
-- Table structure for table `tbl_peran`
--

CREATE TABLE `tbl_peran` (
  `id_peran` int(11) NOT NULL,
  `nama_peran` varchar(12) NOT NULL
) ENGINE=InnoDB DEFAULT CHARSET=utf8mb4;

-- --------------------------------------------------------

--
-- Table structure for table `tbl_pos`
--

CREATE TABLE `tbl_pos` (
  `id_pos` int(11) NOT NULL,
  `id_kategori` int(11) NOT NULL,
  `nama_pos` varchar(50) NOT NULL
) ENGINE=InnoDB DEFAULT CHARSET=utf8mb4;

--
-- Dumping data for table `tbl_pos`
--

INSERT INTO `tbl_pos` (`id_pos`, `id_kategori`, `nama_pos`) VALUES
(1, 1, 'Biaya Administrasi'),
(2, 1, 'Biaya Lain Lain');

-- --------------------------------------------------------

--
-- Table structure for table `tbl_satuan`
--

CREATE TABLE `tbl_satuan` (
  `id_satuan` int(11) NOT NULL,
  `satuan` varchar(100) NOT NULL
) ENGINE=InnoDB DEFAULT CHARSET=utf8;

-- --------------------------------------------------------

--
-- Table structure for table `tbl_session`
--

CREATE TABLE `tbl_session` (
  `id` varchar(40) NOT NULL,
  `ip_address` varchar(45) NOT NULL,
  `timestamp` int(10) NOT NULL,
  `data` blob NOT NULL
) ENGINE=InnoDB DEFAULT CHARSET=latin1;

--
-- Dumping data for table `tbl_session`
--

INSERT INTO `tbl_session` (`id`, `ip_address`, `timestamp`, `data`) VALUES
('gefurdfdju2ehd6affn33bfpik2ghi6m', '::1', 1490264823, 0x5f5f63695f6c6173745f726567656e65726174657c693a313439303236343532333b),
('1uhu8o84r5l09m37lqcf7nhv60dsp1i9', '::1', 1490265106, 0x5f5f63695f6c6173745f726567656e65726174657c693a313439303236343834343b),
('h5u77uboocsch6qr23f688u0qpdapaa6', '::1', 1490265614, 0x5f5f63695f6c6173745f726567656e65726174657c693a313439303236353331363b),
('veilv4cj9qmh1c4cnvb29sj9odelbj50', '::1', 1490265704, 0x5f5f63695f6c6173745f726567656e65726174657c693a313439303236353637353b),
('dta3l96pvd3imcjpn1hjlv8hd126lgl8', '::1', 1490266261, 0x5f5f63695f6c6173745f726567656e65726174657c693a313439303236363030333b),
('32ni9gj29p0r9hjblou697fmoqmfdng6', '::1', 1490266426, 0x5f5f63695f6c6173745f726567656e65726174657c693a313439303236363332323b),
('a5csn99bcoium048ou79vka6e24laa0d', '::1', 1490269510, 0x5f5f63695f6c6173745f726567656e65726174657c693a313439303236393236303b),
('ingpl5tr0u48e6fsdqutv1p528728par', '::1', 1490269849, 0x5f5f63695f6c6173745f726567656e65726174657c693a313439303236393536323b6d656d6265725f69647c733a313a2231223b6d656d6265725f656d61696c7c733a32343a2272696461756c6d61756c6179796140676d61696c2e636f6d223b6d656d6265725f6e616d617c733a32303a2246696b612052696461756c204d61756c61797961223b6d656d6265725f666f746f7c733a303a22223b),
('sknukc81snsc66lamlh8ff5f7kpvnvv8', '::1', 1490269939, 0x5f5f63695f6c6173745f726567656e65726174657c693a313439303236393933363b),
('nreg2suovvog951r5gcfap1fa3gt4hel', '::1', 1490272013, 0x5f5f63695f6c6173745f726567656e65726174657c693a313439303237313734383b),
('3k0cetsjokj5mc6hf98e6d753ttt8025', '::1', 1490272138, 0x5f5f63695f6c6173745f726567656e65726174657c693a313439303237323131333b),
('5e1fgd6uepa3v2tocivde61e012n5fcu', '::1', 1490272627, 0x5f5f63695f6c6173745f726567656e65726174657c693a313439303237323438303b6d656d6265725f69647c733a313a2231223b6d656d6265725f656d61696c7c733a32343a2272696461756c6d61756c6179796140676d61696c2e636f6d223b6d656d6265725f6e616d617c733a32303a2246696b612052696461756c204d61756c61797961223b6d656d6265725f666f746f7c733a303a22223b),
('oq77qvcd3uakerhgfsjjatqod3k4bd74', '::1', 1490273031, 0x5f5f63695f6c6173745f726567656e65726174657c693a313439303237323934373b7365735f6b6366696e6465727c613a323a7b733a383a2264697361626c6564223b623a303b733a393a2275706c6f616455524c223b733a32303a222e2e2f2e2e2f636f6e74656e745f75706c6f6164223b7d617070735f69647c733a313a2231223b617070735f757365726e616d657c733a31333a226d61756c617979616379626572223b617070735f6e616d617c733a32303a2246696b612052696461756c204d61756c61797961223b617070735f656d61696c7c733a32343a2272696461756c6d61756c6179796140676d61696c2e636f6d223b617070735f666f746f7c733a33363a2234653866623239616537366132633833613635363865383866643461653735652e6a7067223b),
('8ka47umh9ktnbtj5cvb4un85l14givra', '::1', 1490273491, 0x5f5f63695f6c6173745f726567656e65726174657c693a313439303237333335363b7365735f6b6366696e6465727c613a323a7b733a383a2264697361626c6564223b623a303b733a393a2275706c6f616455524c223b733a32303a222e2e2f2e2e2f636f6e74656e745f75706c6f6164223b7d617070735f69647c733a313a2231223b617070735f757365726e616d657c733a31333a226d61756c617979616379626572223b617070735f6e616d617c733a32303a2246696b612052696461756c204d61756c61797961223b617070735f656d61696c7c733a32343a2272696461756c6d61756c6179796140676d61696c2e636f6d223b617070735f666f746f7c733a33363a2234653866623239616537366132633833613635363865383866643461653735652e6a7067223b),
('iutgf4rkgmvrd0tbofe3auuo0p9uv7qb', '::1', 1490275876, 0x5f5f63695f6c6173745f726567656e65726174657c693a313439303237353538383b),
('vdrkqa3ub5k636bs3h5j7geio56o9ikd', '::1', 1490276218, 0x5f5f63695f6c6173745f726567656e65726174657c693a313439303237363030373b),
('uqfd90j7ophutg8mb4244gt1r6gd4984', '::1', 1490276628, 0x5f5f63695f6c6173745f726567656e65726174657c693a313439303237363337383b),
('ehqbq4inp98889l9t8ttoq01hfqthcgb', '::1', 1490276918, 0x5f5f63695f6c6173745f726567656e65726174657c693a313439303237363639323b),
('jaea6g84213pcvcnvie6vm6gcdridfom', '::1', 1490277229, 0x5f5f63695f6c6173745f726567656e65726174657c693a313439303237373032323b),
('lie4s52c824vrdn7kr9vvlq5efsl9sqn', '::1', 1490277667, 0x5f5f63695f6c6173745f726567656e65726174657c693a313439303237373633363b),
('nilk0t6t0oqvvjrj0pa7od3tvcns6v2b', '::1', 1490278499, 0x5f5f63695f6c6173745f726567656e65726174657c693a313439303237383232323b),
('d0e86pjd05tqah4um69724v9d2imd8ov', '::1', 1490279235, 0x5f5f63695f6c6173745f726567656e65726174657c693a313439303237383935323b),
('bralkqcmbbi0vjleck6gunjulcql54cb', '::1', 1490279319, 0x5f5f63695f6c6173745f726567656e65726174657c693a313439303237393239363b7365735f6b6366696e6465727c613a323a7b733a383a2264697361626c6564223b623a303b733a393a2275706c6f616455524c223b733a32303a222e2e2f2e2e2f636f6e74656e745f75706c6f6164223b7d617070735f69647c733a313a2231223b617070735f757365726e616d657c733a31333a226d61756c617979616379626572223b617070735f6e616d617c733a32303a2246696b612052696461756c204d61756c61797961223b617070735f656d61696c7c733a32343a2272696461756c6d61756c6179796140676d61696c2e636f6d223b617070735f666f746f7c733a33363a2234653866623239616537366132633833613635363865383866643461653735652e6a7067223b),
('0qetfoonaf0nhcmktkn1uaeatb0lanee', '::1', 1490280800, 0x5f5f63695f6c6173745f726567656e65726174657c693a313439303238303638353b),
('92qlr9nd7ikhs1a11ajmva8l6v75skd5', '::1', 1490326037, ''),
('utg2b9qqrqlooq5hufpccg54n2g7b531', '::1', 1490326979, ''),
('tmkd24udqgns9a1n9p741qip0u3fg8j8', '::1', 1490328599, ''),
('mmegs48dgic4pgpqm0fe4re4fb1rdpaf', '::1', 1490337070, ''),
('o7sfcuj7guk9olv5ehhals55t6fa9vcl', '::1', 1490339909, 0x5f5f63695f6c6173745f726567656e65726174657c693a313439303333393837303b7365735f6b6366696e6465727c613a323a7b733a383a2264697361626c6564223b623a303b733a393a2275706c6f616455524c223b733a32303a222e2e2f2e2e2f636f6e74656e745f75706c6f6164223b7d617070735f69647c733a313a2231223b617070735f757365726e616d657c733a31333a226d61756c617979616379626572223b617070735f6e616d617c733a32303a2246696b612052696461756c204d61756c61797961223b617070735f656d61696c7c733a32343a2272696461756c6d61756c6179796140676d61696c2e636f6d223b617070735f666f746f7c733a33363a2234653866623239616537366132633833613635363865383866643461653735652e6a7067223b6e6f7469667c733a3234353a223c64697620636c6173733d22616c65727420616c6572742d7375636365737320616c6572742d6469736d69737369626c6522207374796c653d22666f6e742d66616d696c793a526f626f746f223e0a090909202020202020202020202020202020202020202020202020202020202020202020202020202020202020202020202020202020203c6920636c6173733d2266612066612d636865636b223e3c2f693e2053746174757320426572686173696c2044697570646174652e0a0909092020202020202020202020202020202020202020202020202020202020202020202020202020202020202020202020203c2f6469763e223b5f5f63695f766172737c613a313a7b733a353a226e6f746966223b733a333a226f6c64223b7d),
('5199ib9mqu9gom878h8q6kea5ofo20ii', '::1', 1490340444, 0x5f5f63695f6c6173745f726567656e65726174657c693a313439303334303434343b),
('n37r0a0j2gom8hgmqbkthls9qatkfu34', '::1', 1490365896, ''),
('2sdhctl79in3a3j6sj1kcjg8jqg9v5uv', '::1', 1490366956, ''),
('0vm2d2i2r7oro586khhclrrlef1go523', '::1', 1490375280, ''),
('o796gn1007b78tr4di63pn7lku6g31l1', '::1', 1490411694, ''),
('sgf71fnt8gme6f8basp8600fppq7qdrd', '::1', 1490412433, ''),
('v1s2umltdkrv8rhrpg3cl6o18dc16a1f', '::1', 1490414373, ''),
('6e1iaejmiu650rndhm35p7e3lrlh0jjc', '::1', 1490418378, ''),
('clq1csoj3kge5pm9869s19abgdel78ta', '::1', 1490476011, ''),
('b3g7pajr1gh2rtfj7cef0660kh86h9a4', '::1', 1490524043, ''),
('vk3q6ugi2sb027t33kuuchojsulbqmr6', '::1', 1490526456, ''),
('pgnqjbqvjaq97edbbhv5ovpmt1vgm2n6', '::1', 1490528486, ''),
('ot7q6fsddhe22fkn46kfac60i4920vf5', '::1', 1490529410, ''),
('h1ff1mo762phckvg29th9102f881isfh', '::1', 1490530657, ''),
('658jdf6l3livqqsnbl829o6h9t0fjd4f', '::1', 1490533564, ''),
('h7p8pndqsuissjs1r02qe8f8hqs3075g', '::1', 1490537704, ''),
('kft4ua3nrqkdn6j7d2v899iemuneojo6', '::1', 1490539026, ''),
('2eem4a0r03q33ceio7tirgkh9chh627i', '::1', 1490584772, ''),
('fl342ln1ps1j49alddifj3fkb1h05muj', '::1', 1490585150, ''),
('u2tpje2dl1qa0rmde94rihiju69j50pe', '::1', 1490585515, ''),
('hn955dvoumj6lb6omcaajqgcmja0fq68', '::1', 1490586467, ''),
('rnfnn0rulstcchfrusv262fnr1q896aa', '::1', 1490586730, ''),
('717tgk7ne4747tbgh3ilefip44r4osgf', '::1', 1490591861, ''),
('hbeb0n62hu0042f5j1j0fpd595suo34v', '::1', 1490606103, ''),
('ngevnng8ejqn341j4m82oft8jvqu0bv2', '::1', 1490608218, ''),
('1hrvd7dlto9nukj725o65k2fm0j2ba6s', '::1', 1490613437, ''),
('465edsb0bllu0v55i5rtr4kj9vogpcoj', '::1', 1490614609, ''),
('vhts2k24ierkumcqd2pcmrl319efj61r', '::1', 1490616679, ''),
('rpvkp70oen2nmlmti90r59vjhq9rqfd5', '::1', 1490618506, ''),
('s911b4djrev66euh85t75kih8lje0ma5', '::1', 1490620442, ''),
('6d0momnsm4tdvv768j6tc2fpq5ho3lqe', '::1', 1490622470, ''),
('l8m660t68953ual0524o2nipnpl8luit', '::1', 1490669678, ''),
('ush3hea355ajl17hs0uc4ggbbbsfg84e', '::1', 1490700771, ''),
('h99d04fa8i2bqi4p5g1idkpbsl346tdv', '::1', 1490747190, ''),
('o5t2sc9dd6ft8h3j92a7bb1rbk83tv2s', '::1', 1490748363, ''),
('j3lpvger0ngstqqsg0kv0qrdlpefvqq8', '::1', 1490749136, ''),
('8sr044tfsr30p6ftm54bocalg22hilhu', '::1', 1490749485, ''),
('99qjbhpcsfmv2mm965r2kmtuc7qcg65v', '::1', 1490752576, ''),
('ulo8corkdtue8m1n2dof2ej13a5u10fh', '::1', 1490753391, ''),
('7tf59feout06f0jr1bndomk2skhlvbsl', '::1', 1490754515, ''),
('fig7i5uhkscl1c68sb7dpm9vqmp93da3', '::1', 1490757274, ''),
('lfk5apq17v7apfa945fmhvlsp4vjurrj', '::1', 1490780228, 0x5f5f63695f6c6173745f726567656e65726174657c693a313439303738303231323b7365735f6b6366696e6465727c613a323a7b733a383a2264697361626c6564223b623a303b733a393a2275706c6f616455524c223b733a32303a222e2e2f2e2e2f636f6e74656e745f75706c6f6164223b7d617070735f69647c733a313a2231223b617070735f757365726e616d657c733a31333a226d61756c617979616379626572223b617070735f6e616d617c733a32303a2246696b612052696461756c204d61756c61797961223b617070735f656d61696c7c733a32343a2272696461756c6d61756c6179796140676d61696c2e636f6d223b617070735f666f746f7c733a33363a2234653866623239616537366132633833613635363865383866643461653735652e6a7067223b),
('itvi8g1oveu8nm303i2m2frm1vcmmb9h', '::1', 1490780542, 0x5f5f63695f6c6173745f726567656e65726174657c693a313439303738303533383b7365735f6b6366696e6465727c613a323a7b733a383a2264697361626c6564223b623a303b733a393a2275706c6f616455524c223b733a32303a222e2e2f2e2e2f636f6e74656e745f75706c6f6164223b7d617070735f69647c733a313a2231223b617070735f757365726e616d657c733a31333a226d61756c617979616379626572223b617070735f6e616d617c733a32303a2246696b612052696461756c204d61756c61797961223b617070735f656d61696c7c733a32343a2272696461756c6d61756c6179796140676d61696c2e636f6d223b617070735f666f746f7c733a33363a2234653866623239616537366132633833613635363865383866643461653735652e6a7067223b),
('pmnsej993rl0edjvtuf9k8qjs0qp1vfq', '::1', 1490781153, 0x5f5f63695f6c6173745f726567656e65726174657c693a313439303738303930393b7365735f6b6366696e6465727c613a323a7b733a383a2264697361626c6564223b623a303b733a393a2275706c6f616455524c223b733a32303a222e2e2f2e2e2f636f6e74656e745f75706c6f6164223b7d617070735f69647c733a313a2231223b617070735f757365726e616d657c733a31333a226d61756c617979616379626572223b617070735f6e616d617c733a32303a2246696b612052696461756c204d61756c61797961223b617070735f656d61696c7c733a32343a2272696461756c6d61756c6179796140676d61696c2e636f6d223b617070735f666f746f7c733a33363a2234653866623239616537366132633833613635363865383866643461653735652e6a7067223b),
('afkb228emfl0aijuo4jd1k8i2kc8guut', '::1', 1490781474, 0x5f5f63695f6c6173745f726567656e65726174657c693a313439303738313331373b7365735f6b6366696e6465727c613a323a7b733a383a2264697361626c6564223b623a303b733a393a2275706c6f616455524c223b733a32303a222e2e2f2e2e2f636f6e74656e745f75706c6f6164223b7d617070735f69647c733a313a2231223b617070735f757365726e616d657c733a31333a226d61756c617979616379626572223b617070735f6e616d617c733a32303a2246696b612052696461756c204d61756c61797961223b617070735f656d61696c7c733a32343a2272696461756c6d61756c6179796140676d61696c2e636f6d223b617070735f666f746f7c733a33363a2234653866623239616537366132633833613635363865383866643461653735652e6a7067223b),
('5bg4n13bk3t9q974jne7nlup0t7qjgi9', '::1', 1490782130, 0x5f5f63695f6c6173745f726567656e65726174657c693a313439303738313833303b7365735f6b6366696e6465727c613a323a7b733a383a2264697361626c6564223b623a303b733a393a2275706c6f616455524c223b733a32303a222e2e2f2e2e2f636f6e74656e745f75706c6f6164223b7d617070735f69647c733a313a2231223b617070735f757365726e616d657c733a31333a226d61756c617979616379626572223b617070735f6e616d617c733a32303a2246696b612052696461756c204d61756c61797961223b617070735f656d61696c7c733a32343a2272696461756c6d61756c6179796140676d61696c2e636f6d223b617070735f666f746f7c733a33363a2234653866623239616537366132633833613635363865383866643461653735652e6a7067223b),
('o51sfpedcjerpftdeg1j4rsete7q2of7', '::1', 1490783816, 0x5f5f63695f6c6173745f726567656e65726174657c693a313439303738323133383b7365735f6b6366696e6465727c613a323a7b733a383a2264697361626c6564223b623a303b733a393a2275706c6f616455524c223b733a32303a222e2e2f2e2e2f636f6e74656e745f75706c6f6164223b7d617070735f69647c733a313a2231223b617070735f757365726e616d657c733a31333a226d61756c617979616379626572223b617070735f6e616d617c733a32303a2246696b612052696461756c204d61756c61797961223b617070735f656d61696c7c733a32343a2272696461756c6d61756c6179796140676d61696c2e636f6d223b617070735f666f746f7c733a33363a2234653866623239616537366132633833613635363865383866643461653735652e6a7067223b6d656d6265725f69647c733a313a2235223b6d656d6265725f656d61696c7c733a31363a2266726564647940676d61696c2e636f6d223b6d656d6265725f6e616d617c733a31343a22467265646479205369646172756b223b6d656d6265725f666f746f7c733a33363a2234303636376630666533656139653331373135333166363132393532626361302e706e67223b),
('t67br2u69s05j8qsjf8sed5sj2rneopg', '::1', 1490788465, ''),
('lk0mc04hvb36gf96mi5i19i93ial2ulc', '::1', 1490792811, ''),
('fhdko3pptbr5mtdls462mii6kr6ie6fr', '::1', 1490793093, 0x5f5f63695f6c6173745f726567656e65726174657c693a313439303739323839303b),
('sb0kfjd67t891t74t8sv2ldc2tl5ognr', '::1', 1490836432, ''),
('fdl75jisv590q82gmde0stiq5ku17sj9', '::1', 1490840315, ''),
('116gav92u0kf46v5rlsh5nff8ci2l008', '::1', 1490843347, ''),
('ip6lq46ujufj0qsla6vtsene68mg2rru', '::1', 1490853872, ''),
('mi76p8btl282v9o1f423stoko00mtbte', '::1', 1490885424, ''),
('0fvijl5l51ijptuq1hhs9m67gnso9fgs', '::1', 1490885714, ''),
('c1e46261letv1eoe2mu00g5easmh516k', '::1', 1490886394, ''),
('gak5g0jqb1t535kgv6r66d7tghh9led6', '::1', 1490918646, ''),
('47u6ck2kkv3vnblml7878uk28fg9no7c', '::1', 1490925633, ''),
('b8p7g1k947bg7v1nef6detth02naetf4', '::1', 1490929674, ''),
('629rl8p5qmrf53c9ajuau3ou7r6cgvgn', '::1', 1490929756, ''),
('3909sng3ehnl67l6ofrsnka25fo96kt7', '::1', 1490930323, ''),
('24js9mt2lbvdese0p8edc0rao62i4jci', '::1', 1490931235, ''),
('rpm9sok1l4ev2frbe8td0hc4r8bhdbip', '::1', 1490931575, ''),
('f3pb65k4e9h15e36jaob2ioeoe8rk71f', '::1', 1490952833, ''),
('7n82kv6crrl4qtistn1vkvp9soel5hd5', '::1', 1490963028, ''),
('lbtg4nhp7hms3okkuadeheue5e6k3sst', '::1', 1490964151, ''),
('loovit0tgkjvua0gg46a8ev1fefgh7s0', '::1', 1491018707, ''),
('kdjud43oaq56qhufv0hhnt2sac24at6k', '::1', 1491019178, ''),
('tkm834vpbkf2l8se4i7sfr0jelmghtr3', '::1', 1491054982, 0x5f5f63695f6c6173745f726567656e65726174657c693a313439313035343935313b),
('kpjgib6uk815fpncp3nfsh55pho2h0jb', '::1', 1491057250, 0x5f5f63695f6c6173745f726567656e65726174657c693a313439313035373235303b),
('mbjfhhgq1rg2urmgsnium9930a7nl9re', '::1', 1491057250, 0x5f5f63695f6c6173745f726567656e65726174657c693a313439313035373235303b),
('m0kha6aankmq7agsqtp95021lvl59nqr', '::1', 1491057250, 0x5f5f63695f6c6173745f726567656e65726174657c693a313439313035373235303b),
('rk4foicj1i8p5icc4pqk5qtqfrctj0qd', '::1', 1491127530, 0x5f5f63695f6c6173745f726567656e65726174657c693a313439313132373237383b7365735f6b6366696e6465727c613a323a7b733a383a2264697361626c6564223b623a303b733a393a2275706c6f616455524c223b733a32303a222e2e2f2e2e2f636f6e74656e745f75706c6f6164223b7d617070735f69647c733a313a2231223b617070735f757365726e616d657c733a31333a226d61756c617979616379626572223b617070735f6e616d617c733a32303a2246696b612052696461756c204d61756c61797961223b617070735f656d61696c7c733a32343a2272696461756c6d61756c6179796140676d61696c2e636f6d223b617070735f666f746f7c733a33363a2234653866623239616537366132633833613635363865383866643461653735652e6a7067223b6d656d6265725f69647c733a313a2231223b6d656d6265725f656d61696c7c733a32343a2272696461756c6d61756c6179796140676d61696c2e636f6d223b6d656d6265725f6e616d617c733a32303a2246696b612052696461756c204d61756c61797961223b6d656d6265725f666f746f7c733a303a22223b),
('il0j17ttk9qiprpo4dbmjni41khpjpn5', '::1', 1491127303, 0x5f5f63695f6c6173745f726567656e65726174657c693a313439313132373239333b7365735f6b6366696e6465727c613a323a7b733a383a2264697361626c6564223b623a303b733a393a2275706c6f616455524c223b733a32303a222e2e2f2e2e2f636f6e74656e745f75706c6f6164223b7d617070735f69647c733a313a2231223b617070735f757365726e616d657c733a31333a226d61756c617979616379626572223b617070735f6e616d617c733a32303a2246696b612052696461756c204d61756c61797961223b617070735f656d61696c7c733a32343a2272696461756c6d61756c6179796140676d61696c2e636f6d223b617070735f666f746f7c733a33363a2234653866623239616537366132633833613635363865383866643461653735652e6a7067223b),
('te2judvg5tectjin6sa4lnnqcm46vnta', '::1', 1491127836, 0x5f5f63695f6c6173745f726567656e65726174657c693a313439313132373832383b7365735f6b6366696e6465727c613a323a7b733a383a2264697361626c6564223b623a303b733a393a2275706c6f616455524c223b733a32303a222e2e2f2e2e2f636f6e74656e745f75706c6f6164223b7d617070735f69647c733a313a2231223b617070735f757365726e616d657c733a31333a226d61756c617979616379626572223b617070735f6e616d617c733a32303a2246696b612052696461756c204d61756c61797961223b617070735f656d61696c7c733a32343a2272696461756c6d61756c6179796140676d61696c2e636f6d223b617070735f666f746f7c733a33363a2234653866623239616537366132633833613635363865383866643461653735652e6a7067223b6d656d6265725f69647c733a313a2231223b6d656d6265725f656d61696c7c733a32343a2272696461756c6d61756c6179796140676d61696c2e636f6d223b6d656d6265725f6e616d617c733a32303a2246696b612052696461756c204d61756c61797961223b6d656d6265725f666f746f7c733a303a22223b),
('ctl1iv4t0bsralsdkaeof0ndl1o8qva0', '::1', 1491128294, 0x5f5f63695f6c6173745f726567656e65726174657c693a313439313132383137363b7365735f6b6366696e6465727c613a323a7b733a383a2264697361626c6564223b623a303b733a393a2275706c6f616455524c223b733a32303a222e2e2f2e2e2f636f6e74656e745f75706c6f6164223b7d617070735f69647c733a313a2231223b617070735f757365726e616d657c733a31333a226d61756c617979616379626572223b617070735f6e616d617c733a32303a2246696b612052696461756c204d61756c61797961223b617070735f656d61696c7c733a32343a2272696461756c6d61756c6179796140676d61696c2e636f6d223b617070735f666f746f7c733a33363a2234653866623239616537366132633833613635363865383866643461653735652e6a7067223b6d656d6265725f69647c733a313a2231223b6d656d6265725f656d61696c7c733a32343a2272696461756c6d61756c6179796140676d61696c2e636f6d223b6d656d6265725f6e616d617c733a32303a2246696b612052696461756c204d61756c61797961223b6d656d6265725f666f746f7c733a303a22223b),
('djm275u43uak5t0vd4i5o373pu15apk7', '::1', 1491128652, 0x5f5f63695f6c6173745f726567656e65726174657c693a313439313132383538353b7365735f6b6366696e6465727c613a323a7b733a383a2264697361626c6564223b623a303b733a393a2275706c6f616455524c223b733a32303a222e2e2f2e2e2f636f6e74656e745f75706c6f6164223b7d617070735f69647c733a313a2231223b617070735f757365726e616d657c733a31333a226d61756c617979616379626572223b617070735f6e616d617c733a32303a2246696b612052696461756c204d61756c61797961223b617070735f656d61696c7c733a32343a2272696461756c6d61756c6179796140676d61696c2e636f6d223b617070735f666f746f7c733a33363a2234653866623239616537366132633833613635363865383866643461653735652e6a7067223b6d656d6265725f69647c733a313a2231223b6d656d6265725f656d61696c7c733a32343a2272696461756c6d61756c6179796140676d61696c2e636f6d223b6d656d6265725f6e616d617c733a32303a2246696b612052696461756c204d61756c61797961223b6d656d6265725f666f746f7c733a303a22223b),
('akmsmka4c5me4mh3fhvheaq2r5c32f79', '::1', 1491129135, 0x5f5f63695f6c6173745f726567656e65726174657c693a313439313132383839373b7365735f6b6366696e6465727c613a323a7b733a383a2264697361626c6564223b623a303b733a393a2275706c6f616455524c223b733a32303a222e2e2f2e2e2f636f6e74656e745f75706c6f6164223b7d617070735f69647c733a313a2231223b617070735f757365726e616d657c733a31333a226d61756c617979616379626572223b617070735f6e616d617c733a32303a2246696b612052696461756c204d61756c61797961223b617070735f656d61696c7c733a32343a2272696461756c6d61756c6179796140676d61696c2e636f6d223b617070735f666f746f7c733a33363a2234653866623239616537366132633833613635363865383866643461653735652e6a7067223b6d656d6265725f69647c733a313a2231223b6d656d6265725f656d61696c7c733a32343a2272696461756c6d61756c6179796140676d61696c2e636f6d223b6d656d6265725f6e616d617c733a32303a2246696b612052696461756c204d61756c61797961223b6d656d6265725f666f746f7c733a303a22223b),
('3b1ro2pj9bloe1l45j8an2v1mpdijbin', '::1', 1491129510, 0x5f5f63695f6c6173745f726567656e65726174657c693a313439313132393239333b7365735f6b6366696e6465727c613a323a7b733a383a2264697361626c6564223b623a303b733a393a2275706c6f616455524c223b733a32303a222e2e2f2e2e2f636f6e74656e745f75706c6f6164223b7d617070735f69647c733a313a2231223b617070735f757365726e616d657c733a31333a226d61756c617979616379626572223b617070735f6e616d617c733a32303a2246696b612052696461756c204d61756c61797961223b617070735f656d61696c7c733a32343a2272696461756c6d61756c6179796140676d61696c2e636f6d223b617070735f666f746f7c733a33363a2234653866623239616537366132633833613635363865383866643461653735652e6a7067223b6d656d6265725f69647c733a313a2231223b6d656d6265725f656d61696c7c733a32343a2272696461756c6d61756c6179796140676d61696c2e636f6d223b6d656d6265725f6e616d617c733a32303a2246696b612052696461756c204d61756c61797961223b6d656d6265725f666f746f7c733a303a22223b),
('l8nfuktqgumvcpt5h17icvnk9ebeb67d', '::1', 1491129898, 0x5f5f63695f6c6173745f726567656e65726174657c693a313439313132393636383b6d656d6265725f69647c733a313a2231223b6d656d6265725f656d61696c7c733a32343a2272696461756c6d61756c6179796140676d61696c2e636f6d223b6d656d6265725f6e616d617c733a32303a2246696b612052696461756c204d61756c61797961223b6d656d6265725f666f746f7c733a303a22223b),
('ugc68vq3qve0q2ltfil687bn6cm5pgr9', '::1', 1491133309, 0x5f5f63695f6c6173745f726567656e65726174657c693a313439313133333134323b6d656d6265725f69647c733a313a2231223b6d656d6265725f656d61696c7c733a32343a2272696461756c6d61756c6179796140676d61696c2e636f6d223b6d656d6265725f6e616d617c733a32303a2246696b612052696461756c204d61756c61797961223b6d656d6265725f666f746f7c733a303a22223b),
('sir927vv3jiek7gr1rlddn19fg57souc', '::1', 1491134101, 0x5f5f63695f6c6173745f726567656e65726174657c693a313439313133333831313b6d656d6265725f69647c733a313a2231223b6d656d6265725f656d61696c7c733a32343a2272696461756c6d61756c6179796140676d61696c2e636f6d223b6d656d6265725f6e616d617c733a32303a2246696b612052696461756c204d61756c61797961223b6d656d6265725f666f746f7c733a303a22223b),
('7tmhenjikd346gf1kutkuru07kifk6vi', '::1', 1491134404, 0x5f5f63695f6c6173745f726567656e65726174657c693a313439313133343231353b6d656d6265725f69647c733a313a2231223b6d656d6265725f656d61696c7c733a32343a2272696461756c6d61756c6179796140676d61696c2e636f6d223b6d656d6265725f6e616d617c733a32303a2246696b612052696461756c204d61756c61797961223b6d656d6265725f666f746f7c733a303a22223b),
('h9nht7i9e8fmom4eaakhrj869pl59208', '::1', 1491134792, 0x5f5f63695f6c6173745f726567656e65726174657c693a313439313133343533313b6d656d6265725f69647c733a313a2231223b6d656d6265725f656d61696c7c733a32343a2272696461756c6d61756c6179796140676d61696c2e636f6d223b6d656d6265725f6e616d617c733a32303a2246696b612052696461756c204d61756c61797961223b6d656d6265725f666f746f7c733a303a22223b),
('flq665hu0li65hr3o4ihj17m8ld2u0cg', '::1', 1491135141, 0x5f5f63695f6c6173745f726567656e65726174657c693a313439313133343930313b6d656d6265725f69647c733a313a2231223b6d656d6265725f656d61696c7c733a32343a2272696461756c6d61756c6179796140676d61696c2e636f6d223b6d656d6265725f6e616d617c733a32303a2246696b612052696461756c204d61756c61797961223b6d656d6265725f666f746f7c733a303a22223b),
('aibiqhantfhj7fuqv4pe525vnjqui59t', '::1', 1491134969, 0x5f5f63695f6c6173745f726567656e65726174657c693a313439313133343936323b),
('f8li52afrogkfhdat3bqit5pn9ea4qva', '::1', 1491135478, 0x5f5f63695f6c6173745f726567656e65726174657c693a313439313133353234353b6d656d6265725f69647c733a313a2231223b6d656d6265725f656d61696c7c733a32343a2272696461756c6d61756c6179796140676d61696c2e636f6d223b6d656d6265725f6e616d617c733a32303a2246696b612052696461756c204d61756c61797961223b6d656d6265725f666f746f7c733a303a22223b),
('tlp52cd9perj7lnm8l2ldrugvos84ckk', '::1', 1491135774, 0x5f5f63695f6c6173745f726567656e65726174657c693a313439313133353535313b6d656d6265725f69647c733a313a2231223b6d656d6265725f656d61696c7c733a32343a2272696461756c6d61756c6179796140676d61696c2e636f6d223b6d656d6265725f6e616d617c733a32303a2246696b612052696461756c204d61756c61797961223b6d656d6265725f666f746f7c733a303a22223b7365735f6b6366696e6465727c613a323a7b733a383a2264697361626c6564223b623a303b733a393a2275706c6f616455524c223b733a32303a222e2e2f2e2e2f636f6e74656e745f75706c6f6164223b7d617070735f69647c733a313a2231223b617070735f757365726e616d657c733a31333a226d61756c617979616379626572223b617070735f6e616d617c733a32303a2246696b612052696461756c204d61756c61797961223b617070735f656d61696c7c733a32343a2272696461756c6d61756c6179796140676d61696c2e636f6d223b617070735f666f746f7c733a33363a2234653866623239616537366132633833613635363865383866643461653735652e6a7067223b),
('9o5n781gdff19015o26u990lnmo3rfae', '::1', 1491136151, 0x5f5f63695f6c6173745f726567656e65726174657c693a313439313133353837393b6d656d6265725f69647c733a313a2231223b6d656d6265725f656d61696c7c733a32343a2272696461756c6d61756c6179796140676d61696c2e636f6d223b6d656d6265725f6e616d617c733a32303a2246696b612052696461756c204d61756c61797961223b6d656d6265725f666f746f7c733a303a22223b7365735f6b6366696e6465727c613a323a7b733a383a2264697361626c6564223b623a303b733a393a2275706c6f616455524c223b733a32303a222e2e2f2e2e2f636f6e74656e745f75706c6f6164223b7d617070735f69647c733a313a2231223b617070735f757365726e616d657c733a31333a226d61756c617979616379626572223b617070735f6e616d617c733a32303a2246696b612052696461756c204d61756c61797961223b617070735f656d61696c7c733a32343a2272696461756c6d61756c6179796140676d61696c2e636f6d223b617070735f666f746f7c733a33363a2234653866623239616537366132633833613635363865383866643461653735652e6a7067223b),
('mvsrj9atvnng1a8s1eda7ec8gi7qmp1n', '::1', 1491136489, 0x5f5f63695f6c6173745f726567656e65726174657c693a313439313133363138383b6d656d6265725f69647c733a313a2231223b6d656d6265725f656d61696c7c733a32343a2272696461756c6d61756c6179796140676d61696c2e636f6d223b6d656d6265725f6e616d617c733a32303a2246696b612052696461756c204d61756c61797961223b6d656d6265725f666f746f7c733a303a22223b7365735f6b6366696e6465727c613a323a7b733a383a2264697361626c6564223b623a303b733a393a2275706c6f616455524c223b733a32303a222e2e2f2e2e2f636f6e74656e745f75706c6f6164223b7d617070735f69647c733a313a2231223b617070735f757365726e616d657c733a31333a226d61756c617979616379626572223b617070735f6e616d617c733a32303a2246696b612052696461756c204d61756c61797961223b617070735f656d61696c7c733a32343a2272696461756c6d61756c6179796140676d61696c2e636f6d223b617070735f666f746f7c733a33363a2234653866623239616537366132633833613635363865383866643461653735652e6a7067223b),
('47bhnhfp2f2756r1n77hauslvue1sldn', '::1', 1491136767, 0x5f5f63695f6c6173745f726567656e65726174657c693a313439313133363438393b6d656d6265725f69647c733a313a2231223b6d656d6265725f656d61696c7c733a32343a2272696461756c6d61756c6179796140676d61696c2e636f6d223b6d656d6265725f6e616d617c733a32303a2246696b612052696461756c204d61756c61797961223b6d656d6265725f666f746f7c733a303a22223b7365735f6b6366696e6465727c613a323a7b733a383a2264697361626c6564223b623a303b733a393a2275706c6f616455524c223b733a32303a222e2e2f2e2e2f636f6e74656e745f75706c6f6164223b7d617070735f69647c733a313a2231223b617070735f757365726e616d657c733a31333a226d61756c617979616379626572223b617070735f6e616d617c733a32303a2246696b612052696461756c204d61756c61797961223b617070735f656d61696c7c733a32343a2272696461756c6d61756c6179796140676d61696c2e636f6d223b617070735f666f746f7c733a33363a2234653866623239616537366132633833613635363865383866643461653735652e6a7067223b),
('vjce59feijc6t625opupnbeddcnv5848', '::1', 1491140379, 0x5f5f63695f6c6173745f726567656e65726174657c693a313439313134303331343b6d656d6265725f69647c733a313a2231223b6d656d6265725f656d61696c7c733a32343a2272696461756c6d61756c6179796140676d61696c2e636f6d223b6d656d6265725f6e616d617c733a32303a2246696b612052696461756c204d61756c61797961223b6d656d6265725f666f746f7c733a303a22223b7365735f6b6366696e6465727c613a323a7b733a383a2264697361626c6564223b623a303b733a393a2275706c6f616455524c223b733a32303a222e2e2f2e2e2f636f6e74656e745f75706c6f6164223b7d617070735f69647c733a313a2231223b617070735f757365726e616d657c733a31333a226d61756c617979616379626572223b617070735f6e616d617c733a32303a2246696b612052696461756c204d61756c61797961223b617070735f656d61696c7c733a32343a2272696461756c6d61756c6179796140676d61696c2e636f6d223b617070735f666f746f7c733a33363a2234653866623239616537366132633833613635363865383866643461653735652e6a7067223b),
('epda0tqele2q5in7b9jpi3dhvk94olif', '::1', 1491144741, ''),
('balhlifps86ebimb5lab7g2p8bl611tn', '::1', 1491174839, ''),
('447lbbhvvm6n36o5arfplgu17o0j0c0b', '::1', 1491174978, ''),
('01pv4sn68v3bt6tfid0ig5afk5jlimmo', '::1', 1491185261, ''),
('bqhrg7jsbku00e21saokh0le5b78q7f9', '::1', 1491186295, ''),
('nvgejdldia9nkbm4hho2ulbaarv02vh3', '::1', 1491186388, ''),
('akbdpsgjq080u4hc1noqkeh5gmogefat', '::1', 1491188008, ''),
('l08pcf9nsrn4t9kvraje8qcdppderq67', '::1', 1491188688, ''),
('gq9eljtovlne11jmv4epd8bi6rbie3dc', '::1', 1491193260, ''),
('fioie7akdf69156q0785qjetk6m15vfr', '::1', 1491195626, ''),
('mocf4v84n0h6b56en6h57gguifahm4tt', '::1', 1491270187, ''),
('91lv60pu865drvhh82lh8p1198i5jv15', '::1', 1491270255, ''),
('qid91f0f4824ounalltpfiiv4k3q6om8', '::1', 1491271367, ''),
('k0u2a6fqkh39cmlpple03fo1l1so0v9i', '::1', 1491272660, ''),
('iv800r1s4mefegtbge1mq6r6vd4pv0fk', '::1', 1491273034, ''),
('le8sv828ofg039bv5datchsert1l8t6q', '::1', 1491275617, ''),
('r98nqv1p89171jt4ucqff72e90kvn7uv', '::1', 1491275902, ''),
('k35ceu0uv98qf1s5fffn34vbaibc4up2', '::1', 1491276386, ''),
('2q5a3a8e1rnqj1dc2lkqlmned05fe8gn', '::1', 1491277963, ''),
('o4f0hsft7dqepvckimiquqf25qfj3lr1', '::1', 1491322100, 0x5f5f63695f6c6173745f726567656e65726174657c693a313439313332313933313b7365735f6b6366696e6465727c613a323a7b733a383a2264697361626c6564223b623a303b733a393a2275706c6f616455524c223b733a32303a222e2e2f2e2e2f636f6e74656e745f75706c6f6164223b7d617070735f69647c733a313a2231223b617070735f757365726e616d657c733a31333a226d61756c617979616379626572223b617070735f6e616d617c733a32303a2246696b612052696461756c204d61756c61797961223b617070735f656d61696c7c733a32343a2272696461756c6d61756c6179796140676d61696c2e636f6d223b617070735f666f746f7c733a33363a2234653866623239616537366132633833613635363865383866643461653735652e6a7067223b),
('usvae8jnab4unagranqj11550nvkoau7', '::1', 1491322240, 0x5f5f63695f6c6173745f726567656e65726174657c693a313439313332323233333b7365735f6b6366696e6465727c613a323a7b733a383a2264697361626c6564223b623a303b733a393a2275706c6f616455524c223b733a32303a222e2e2f2e2e2f636f6e74656e745f75706c6f6164223b7d617070735f69647c733a313a2231223b617070735f757365726e616d657c733a31333a226d61756c617979616379626572223b617070735f6e616d617c733a32303a2246696b612052696461756c204d61756c61797961223b617070735f656d61696c7c733a32343a2272696461756c6d61756c6179796140676d61696c2e636f6d223b617070735f666f746f7c733a33363a2234653866623239616537366132633833613635363865383866643461653735652e6a7067223b6e6f7469667c733a3237363a223c64697620636c6173733d22616c65727420616c6572742d7375636365737320616c6572742d6469736d69737369626c6522207374796c653d22666f6e742d66616d696c793a526f626f746f223e0a090909202020202020202020202020202020202020202020202020202020202020202020202020202020202020202020202020202020203c6920636c6173733d2266612066612d6578636c616d6174696f6e2d636972636c65223e3c2f693e2053756363657373202120456d61696c20556e64616e67616e20426572686173696c205465726b6972696d2e0a0909092020202020202020202020202020202020202020202020202020202020202020202020202020202020202020202020203c2f6469763e223b5f5f63695f766172737c613a313a7b733a353a226e6f746966223b733a333a226f6c64223b7d),
('3irpmh69pvo9ln01gr8iac8249vgq43j', '::1', 1491391766, ''),
('pn6mdkqtpkh11qmi5cd25sbm06s4ud64', '::1', 1491392334, 0x5f5f63695f6c6173745f726567656e65726174657c693a313439313339323134323b7365735f6b6366696e6465727c613a323a7b733a383a2264697361626c6564223b623a303b733a393a2275706c6f616455524c223b733a32303a222e2e2f2e2e2f636f6e74656e745f75706c6f6164223b7d617070735f69647c733a313a2231223b617070735f757365726e616d657c733a31333a226d61756c617979616379626572223b617070735f6e616d617c733a32303a2246696b612052696461756c204d61756c61797961223b617070735f656d61696c7c733a32343a2272696461756c6d61756c6179796140676d61696c2e636f6d223b617070735f666f746f7c733a33363a2234653866623239616537366132633833613635363865383866643461653735652e6a7067223b6d656d6265725f69647c733a313a2231223b6d656d6265725f656d61696c7c733a32343a2272696461756c6d61756c6179796140676d61696c2e636f6d223b6d656d6265725f6e616d617c733a32303a2246696b612052696461756c204d61756c61797961223b6d656d6265725f666f746f7c733a303a22223b),
('gofmrktf7a7ghjec1gtjid7tei69kbf7', '::1', 1491392783, 0x5f5f63695f6c6173745f726567656e65726174657c693a313439313339323633353b),
('begac5go9arksbsj2frrtg5ffnceongu', '::1', 1491392998, 0x5f5f63695f6c6173745f726567656e65726174657c693a313439313339323939323b),
('rtj6bje4t0ttdh5j77l7a2l8sm8sj65q', '::1', 1491393715, 0x5f5f63695f6c6173745f726567656e65726174657c693a313439313339333435343b),
('fbq1btg19c8vhtp8e957mho3pkeh6tfg', '::1', 1491394018, 0x5f5f63695f6c6173745f726567656e65726174657c693a313439313339333739343b6d656d6265725f69647c733a313a2231223b6d656d6265725f656d61696c7c733a32343a2272696461756c6d61756c6179796140676d61696c2e636f6d223b6d656d6265725f6e616d617c733a32303a2246696b612052696461756c204d61756c61797961223b6d656d6265725f666f746f7c733a303a22223b),
('ffiv1uasj8cgjrgl63n2m0be6rcf37to', '::1', 1491394301, 0x5f5f63695f6c6173745f726567656e65726174657c693a313439313339343131333b6d656d6265725f69647c733a313a2231223b6d656d6265725f656d61696c7c733a32343a2272696461756c6d61756c6179796140676d61696c2e636f6d223b6d656d6265725f6e616d617c733a32303a2246696b612052696461756c204d61756c61797961223b6d656d6265725f666f746f7c733a303a22223b),
('iodej46ou7a6p98n6fuqdefbsofpn6eu', '::1', 1491394840, 0x5f5f63695f6c6173745f726567656e65726174657c693a313439313339343536383b6d656d6265725f69647c733a313a2231223b6d656d6265725f656d61696c7c733a32343a2272696461756c6d61756c6179796140676d61696c2e636f6d223b6d656d6265725f6e616d617c733a32303a2246696b612052696461756c204d61756c61797961223b6d656d6265725f666f746f7c733a303a22223b),
('uqdqdfgn7rqrnojbs771nahgakj4nr22', '::1', 1491395306, 0x5f5f63695f6c6173745f726567656e65726174657c693a313439313339353237383b6d656d6265725f69647c733a313a2231223b6d656d6265725f656d61696c7c733a32343a2272696461756c6d61756c6179796140676d61696c2e636f6d223b6d656d6265725f6e616d617c733a32303a2246696b612052696461756c204d61756c61797961223b6d656d6265725f666f746f7c733a303a22223b),
('pdumsr1f5l2979ujlsf0sc8dhamti4p6', '::1', 1491395479, 0x5f5f63695f6c6173745f726567656e65726174657c693a313439313339353331363b6d656d6265725f69647c733a313a2231223b6d656d6265725f656d61696c7c733a32343a2272696461756c6d61756c6179796140676d61696c2e636f6d223b6d656d6265725f6e616d617c733a32303a2246696b612052696461756c204d61756c61797961223b6d656d6265725f666f746f7c733a303a22223b),
('1pp20kf0vqtueoa3moeqj3r3f8bhkq2u', '::1', 1510930140, 0x5f5f63695f6c6173745f726567656e65726174657c693a313531303932393937303b),
('acj9jthrmpce9ai978kbsn0m1568abem', '::1', 1510930506, 0x5f5f63695f6c6173745f726567656e65726174657c693a313531303933303238373b),
('qvih9tg27crhfgcqhpri80ukb9t22ncf', '::1', 1510930945, 0x5f5f63695f6c6173745f726567656e65726174657c693a313531303933303636303b),
('0dr2ibs5ng3isb8r5dkceco8qb52l2ts', '::1', 1510931346, 0x5f5f63695f6c6173745f726567656e65726174657c693a313531303933313036353b),
('4tfc7v5pbv3k6qjeajnb8gh7c85ieu27', '::1', 1510931607, 0x5f5f63695f6c6173745f726567656e65726174657c693a313531303933313336373b757365725f69647c733a313a2231223b757365725f6e616d657c733a353a2261646d696e223b757365725f706173737c733a33323a223231323332663239376135376135613734333839346130653461383031666333223b),
('1hb71bcfoqqp40e41f83b8vkdbsv748a', '::1', 1510931825, 0x5f5f63695f6c6173745f726567656e65726174657c693a313531303933313832353b),
('baiukqb9710ukae2r5ppdicff2330o9t', '::1', 1583123690, 0x5f5f63695f6c6173745f726567656e65726174657c693a313538333132333639303b757365725f69647c733a313a2231223b757365725f6e616d657c733a353a2261646d696e223b757365725f706173737c733a33323a223231323332663239376135376135613734333839346130653461383031666333223b757365725f6e616d617c733a31333a2241646d696e6973747261746f72223b),
('olf1er24fd2ctflrevvbbvtoep30a7gq', '::1', 1583125530, 0x5f5f63695f6c6173745f726567656e65726174657c693a313538333132353533303b757365725f69647c733a313a2231223b757365725f6e616d657c733a353a2261646d696e223b757365725f706173737c733a33323a223231323332663239376135376135613734333839346130653461383031666333223b757365725f6e616d617c733a31333a2241646d696e6973747261746f72223b),
('q9j7i8ek4qo7r7uk63k9ua6qvi4o2idn', '::1', 1583125874, 0x5f5f63695f6c6173745f726567656e65726174657c693a313538333132353837343b757365725f69647c733a313a2231223b757365725f6e616d657c733a353a2261646d696e223b757365725f706173737c733a33323a223231323332663239376135376135613734333839346130653461383031666333223b757365725f6e616d617c733a31333a2241646d696e6973747261746f72223b),
('re6un3fj600q9s27hde8qrj9bbko0ndl', '::1', 1583130818, 0x5f5f63695f6c6173745f726567656e65726174657c693a313538333133303831383b757365725f69647c733a313a2231223b757365725f6e616d657c733a353a2261646d696e223b757365725f706173737c733a33323a223231323332663239376135376135613734333839346130653461383031666333223b757365725f6e616d617c733a31333a2241646d696e6973747261746f72223b),
('8j05lde3ce7g5hbkco9vvt0fngpb01jn', '::1', 1583133652, 0x5f5f63695f6c6173745f726567656e65726174657c693a313538333133333635323b757365725f69647c733a313a2231223b757365725f6e616d657c733a353a2261646d696e223b757365725f706173737c733a33323a223231323332663239376135376135613734333839346130653461383031666333223b757365725f6e616d617c733a31333a2241646d696e6973747261746f72223b),
('ti83rusb8qlhh5552s4cr793u45pjhf3', '::1', 1583134020, 0x5f5f63695f6c6173745f726567656e65726174657c693a313538333133343032303b757365725f69647c733a313a2231223b757365725f6e616d657c733a353a2261646d696e223b757365725f706173737c733a33323a223231323332663239376135376135613734333839346130653461383031666333223b757365725f6e616d617c733a31333a2241646d696e6973747261746f72223b),
('0u77237582bdogldl8mpujp781qm97mb', '::1', 1583134854, 0x5f5f63695f6c6173745f726567656e65726174657c693a313538333133343835343b757365725f69647c733a313a2231223b757365725f6e616d657c733a353a2261646d696e223b757365725f706173737c733a33323a223231323332663239376135376135613734333839346130653461383031666333223b757365725f6e616d617c733a31333a2241646d696e6973747261746f72223b),
('2lconu7k1t7mamrio82n2rom8llv4eog', '::1', 1583135639, 0x5f5f63695f6c6173745f726567656e65726174657c693a313538333133353633393b757365725f69647c733a313a2231223b757365725f6e616d657c733a353a2261646d696e223b757365725f706173737c733a33323a223231323332663239376135376135613734333839346130653461383031666333223b757365725f6e616d617c733a31333a2241646d696e6973747261746f72223b),
('cvhaks32lh85p9argkrj1elrucgdi5g5', '::1', 1583136298, 0x5f5f63695f6c6173745f726567656e65726174657c693a313538333133363239383b757365725f69647c733a313a2231223b757365725f6e616d657c733a353a2261646d696e223b757365725f706173737c733a33323a223231323332663239376135376135613734333839346130653461383031666333223b757365725f6e616d617c733a31333a2241646d696e6973747261746f72223b),
('njvo3o9rb20licc20nmqfn71mrhbeejj', '::1', 1583137728, 0x5f5f63695f6c6173745f726567656e65726174657c693a313538333133373732383b757365725f69647c733a313a2231223b757365725f6e616d657c733a353a2261646d696e223b757365725f706173737c733a33323a223231323332663239376135376135613734333839346130653461383031666333223b757365725f6e616d617c733a31333a2241646d696e6973747261746f72223b),
('ra0fd65skel6k2jquj3dmco08vfr89fb', '::1', 1583138031, 0x5f5f63695f6c6173745f726567656e65726174657c693a313538333133383033313b757365725f69647c733a313a2231223b757365725f6e616d657c733a353a2261646d696e223b757365725f706173737c733a33323a223231323332663239376135376135613734333839346130653461383031666333223b757365725f6e616d617c733a31333a2241646d696e6973747261746f72223b),
('tnujreko9arq7he4f2ho3bb43cd9v44n', '::1', 1583138474, 0x5f5f63695f6c6173745f726567656e65726174657c693a313538333133383437343b757365725f69647c733a313a2231223b757365725f6e616d657c733a353a2261646d696e223b757365725f706173737c733a33323a223231323332663239376135376135613734333839346130653461383031666333223b757365725f6e616d617c733a31333a2241646d696e6973747261746f72223b),
('h6qlf9n4b2eki2vd0l15ts46b0q6lnrg', '::1', 1583138788, 0x5f5f63695f6c6173745f726567656e65726174657c693a313538333133383738383b757365725f69647c733a313a2231223b757365725f6e616d657c733a353a2261646d696e223b757365725f706173737c733a33323a223231323332663239376135376135613734333839346130653461383031666333223b757365725f6e616d617c733a31333a2241646d696e6973747261746f72223b),
('jicuuu26agcmrne39q95bq7rmeeipvb6', '::1', 1583139249, 0x5f5f63695f6c6173745f726567656e65726174657c693a313538333133393234393b757365725f69647c733a313a2231223b757365725f6e616d657c733a353a2261646d696e223b757365725f706173737c733a33323a223231323332663239376135376135613734333839346130653461383031666333223b757365725f6e616d617c733a31333a2241646d696e6973747261746f72223b),
('66u2rbuk6mjqju5hmu4mgc8oelsfnc57', '::1', 1583140432, 0x5f5f63695f6c6173745f726567656e65726174657c693a313538333134303433323b757365725f69647c733a313a2231223b757365725f6e616d657c733a353a2261646d696e223b757365725f706173737c733a33323a223231323332663239376135376135613734333839346130653461383031666333223b757365725f6e616d617c733a31333a2241646d696e6973747261746f72223b),
('uiu7m8f4bmlmlbjp2m71gljsombo6tbl', '::1', 1583140741, 0x5f5f63695f6c6173745f726567656e65726174657c693a313538333134303734313b757365725f69647c733a313a2231223b757365725f6e616d657c733a353a2261646d696e223b757365725f706173737c733a33323a223231323332663239376135376135613734333839346130653461383031666333223b757365725f6e616d617c733a31333a2241646d696e6973747261746f72223b),
('7spnnivjv0p8vhvafcdg8t703jh3fspi', '::1', 1583142990, 0x5f5f63695f6c6173745f726567656e65726174657c693a313538333134323939303b757365725f69647c733a313a2231223b757365725f6e616d657c733a353a2261646d696e223b757365725f706173737c733a33323a223231323332663239376135376135613734333839346130653461383031666333223b757365725f6e616d617c733a31333a2241646d696e6973747261746f72223b),
('235jsqesv0j6cpi6s2pj7rtj0n0hmss1', '::1', 1583143406, 0x5f5f63695f6c6173745f726567656e65726174657c693a313538333134333430363b757365725f69647c733a313a2231223b757365725f6e616d657c733a353a2261646d696e223b757365725f706173737c733a33323a223231323332663239376135376135613734333839346130653461383031666333223b757365725f6e616d617c733a31333a2241646d696e6973747261746f72223b),
('s48rdufmo4a8k125qkssfvvs1aauca6e', '::1', 1583143415, 0x5f5f63695f6c6173745f726567656e65726174657c693a313538333134333430363b757365725f69647c733a313a2231223b757365725f6e616d657c733a353a2261646d696e223b757365725f706173737c733a33323a223231323332663239376135376135613734333839346130653461383031666333223b757365725f6e616d617c733a31333a2241646d696e6973747261746f72223b),
('hvpe1bp3911slh3a5p7pq59442hobkhe', '::1', 1583211119, 0x5f5f63695f6c6173745f726567656e65726174657c693a313538333231313131393b757365725f69647c733a313a2231223b757365725f6e616d657c733a353a2261646d696e223b757365725f706173737c733a33323a223231323332663239376135376135613734333839346130653461383031666333223b757365725f6e616d617c733a31333a2241646d696e6973747261746f72223b),
('jdh259c13167ulaald7u5kfnovuk4nsv', '::1', 1583211119, 0x5f5f63695f6c6173745f726567656e65726174657c693a313538333231313131393b757365725f69647c733a313a2231223b757365725f6e616d657c733a353a2261646d696e223b757365725f706173737c733a33323a223231323332663239376135376135613734333839346130653461383031666333223b757365725f6e616d617c733a31333a2241646d696e6973747261746f72223b),
('i4qnr1j7kn8l9k1488jesc3ks3a87tsp', '::1', 1583229116, 0x5f5f63695f6c6173745f726567656e65726174657c693a313538333232393130393b757365725f69647c733a313a2231223b757365725f6e616d657c733a353a2261646d696e223b757365725f706173737c733a33323a223231323332663239376135376135613734333839346130653461383031666333223b757365725f6e616d617c733a31333a2241646d696e6973747261746f72223b),
('02fe4dd96347e7a355c9f075082abaaf604e6f17', '::1', 1583375752, 0x5f5f63695f6c6173745f726567656e65726174657c693a313538333337353735323b757365725f69647c733a313a2231223b757365725f6e616d657c733a353a2261646d696e223b757365725f706173737c733a33323a223231323332663239376135376135613734333839346130653461383031666333223b757365725f6e616d617c733a31333a2241646d696e6973747261746f72223b),
('49a8957ac09fb4131611547bdbe878572316143d', '::1', 1583376077, 0x5f5f63695f6c6173745f726567656e65726174657c693a313538333337363037373b757365725f69647c733a313a2231223b757365725f6e616d657c733a353a2261646d696e223b757365725f706173737c733a33323a223231323332663239376135376135613734333839346130653461383031666333223b757365725f6e616d617c733a31333a2241646d696e6973747261746f72223b),
('3a768b403997391d3ce615034c134c47e5639653', '::1', 1583376436, 0x5f5f63695f6c6173745f726567656e65726174657c693a313538333337363433363b757365725f69647c733a313a2231223b757365725f6e616d657c733a353a2261646d696e223b757365725f706173737c733a33323a223231323332663239376135376135613734333839346130653461383031666333223b757365725f6e616d617c733a31333a2241646d696e6973747261746f72223b),
('ee7074190654e41a1b13320b5d08301fbf379611', '::1', 1583376815, 0x5f5f63695f6c6173745f726567656e65726174657c693a313538333337363831353b757365725f69647c733a313a2231223b757365725f6e616d657c733a353a2261646d696e223b757365725f706173737c733a33323a223231323332663239376135376135613734333839346130653461383031666333223b757365725f6e616d617c733a31333a2241646d696e6973747261746f72223b),
('7b9f17ee59991ae578ab2f5b4d915164db4922b4', '::1', 1583377655, 0x5f5f63695f6c6173745f726567656e65726174657c693a313538333337373635353b757365725f69647c733a313a2231223b757365725f6e616d657c733a353a2261646d696e223b757365725f706173737c733a33323a223231323332663239376135376135613734333839346130653461383031666333223b757365725f6e616d617c733a31333a2241646d696e6973747261746f72223b),
('21d3c58ef053f0d4045f64e147ecf4199874b746', '::1', 1583378506, 0x5f5f63695f6c6173745f726567656e65726174657c693a313538333337383530363b757365725f69647c733a313a2231223b757365725f6e616d657c733a353a2261646d696e223b757365725f706173737c733a33323a223231323332663239376135376135613734333839346130653461383031666333223b757365725f6e616d617c733a31333a2241646d696e6973747261746f72223b),
('23c21d8991b4fce055e6524a3911a129254bb131', '::1', 1583379215, 0x5f5f63695f6c6173745f726567656e65726174657c693a313538333337393231353b757365725f69647c733a313a2231223b757365725f6e616d657c733a353a2261646d696e223b757365725f706173737c733a33323a223231323332663239376135376135613734333839346130653461383031666333223b757365725f6e616d617c733a31333a2241646d696e6973747261746f72223b),
('cc8e21a012c0aa28ea79a364b5215a1ce30e7617', '::1', 1583379587, 0x5f5f63695f6c6173745f726567656e65726174657c693a313538333337393538373b757365725f69647c733a313a2231223b757365725f6e616d657c733a353a2261646d696e223b757365725f706173737c733a33323a223231323332663239376135376135613734333839346130653461383031666333223b757365725f6e616d617c733a31333a2241646d696e6973747261746f72223b),
('c8563189bcc2a650d386aec6560fb86240c6e50a', '::1', 1583379975, 0x5f5f63695f6c6173745f726567656e65726174657c693a313538333337393937353b757365725f69647c733a313a2231223b757365725f6e616d657c733a353a2261646d696e223b757365725f706173737c733a33323a223231323332663239376135376135613734333839346130653461383031666333223b757365725f6e616d617c733a31333a2241646d696e6973747261746f72223b),
('ecba654d0bf613affbe9087b4ebd2f109c8585fc', '::1', 1583380917, 0x5f5f63695f6c6173745f726567656e65726174657c693a313538333338303931373b757365725f69647c733a313a2231223b757365725f6e616d657c733a353a2261646d696e223b757365725f706173737c733a33323a223231323332663239376135376135613734333839346130653461383031666333223b757365725f6e616d617c733a31333a2241646d696e6973747261746f72223b),
('500a2ab60dde29e1bfa75e5a0b2d65c640d87648', '::1', 1583382408, 0x5f5f63695f6c6173745f726567656e65726174657c693a313538333338323430383b757365725f69647c733a313a2231223b757365725f6e616d657c733a353a2261646d696e223b757365725f706173737c733a33323a223231323332663239376135376135613734333839346130653461383031666333223b757365725f6e616d617c733a31333a2241646d696e6973747261746f72223b),
('e7dc790e7ff44ceb90c69e0b4956acd21623870c', '::1', 1583382802, 0x5f5f63695f6c6173745f726567656e65726174657c693a313538333338323830323b757365725f69647c733a313a2231223b757365725f6e616d657c733a353a2261646d696e223b757365725f706173737c733a33323a223231323332663239376135376135613734333839346130653461383031666333223b757365725f6e616d617c733a31333a2241646d696e6973747261746f72223b),
('ae101412bc8a31a4e55a5fad71507e172723d91d', '::1', 1583382802, 0x5f5f63695f6c6173745f726567656e65726174657c693a313538333338323830323b757365725f69647c733a313a2231223b757365725f6e616d657c733a353a2261646d696e223b757365725f706173737c733a33323a223231323332663239376135376135613734333839346130653461383031666333223b757365725f6e616d617c733a31333a2241646d696e6973747261746f72223b),
('030b2117325ca9dea91c935969daf7dc0c52f308', '::1', 1583716244, 0x5f5f63695f6c6173745f726567656e65726174657c693a313538333731363234343b757365725f69647c733a313a2231223b757365725f6e616d657c733a353a2261646d696e223b757365725f706173737c733a33323a223231323332663239376135376135613734333839346130653461383031666333223b757365725f6e616d617c733a31333a2241646d696e6973747261746f72223b),
('da6e6df63218cf12713fff638a5c3747a4801c01', '::1', 1583716549, 0x5f5f63695f6c6173745f726567656e65726174657c693a313538333731363534393b757365725f69647c733a313a2231223b757365725f6e616d657c733a353a2261646d696e223b757365725f706173737c733a33323a223231323332663239376135376135613734333839346130653461383031666333223b757365725f6e616d617c733a31333a2241646d696e6973747261746f72223b),
('29cfc86b0da36ace14442c23ce8838365a5a89bc', '::1', 1583716867, 0x5f5f63695f6c6173745f726567656e65726174657c693a313538333731363836373b757365725f69647c733a313a2231223b757365725f6e616d657c733a353a2261646d696e223b757365725f706173737c733a33323a223231323332663239376135376135613734333839346130653461383031666333223b757365725f6e616d617c733a31333a2241646d696e6973747261746f72223b);
INSERT INTO `tbl_session` (`id`, `ip_address`, `timestamp`, `data`) VALUES
('f2024eaca2c9edd0d0e9bdcbe68b5ed593ff0985', '::1', 1583717255, 0x5f5f63695f6c6173745f726567656e65726174657c693a313538333731373235353b757365725f69647c733a313a2231223b757365725f6e616d657c733a353a2261646d696e223b757365725f706173737c733a33323a223231323332663239376135376135613734333839346130653461383031666333223b757365725f6e616d617c733a31333a2241646d696e6973747261746f72223b),
('116715661023e5b8a59a70a709918208f9b797ae', '::1', 1583717381, 0x5f5f63695f6c6173745f726567656e65726174657c693a313538333731373235353b757365725f69647c733a313a2231223b757365725f6e616d657c733a353a2261646d696e223b757365725f706173737c733a33323a223231323332663239376135376135613734333839346130653461383031666333223b757365725f6e616d617c733a31333a2241646d696e6973747261746f72223b),
('d01b2aa0c8ad6a28db0a7387d91c21028d459802', '::1', 1584066404, 0x5f5f63695f6c6173745f726567656e65726174657c693a313538343036363430343b),
('679d3b819a14986d3533440e34f31a6098c5ecfb', '::1', 1584066786, 0x5f5f63695f6c6173745f726567656e65726174657c693a313538343036363738363b),
('1b50b0c2b1e69e402095b50bff49bb49c451d199', '::1', 1584067116, 0x5f5f63695f6c6173745f726567656e65726174657c693a313538343036373131363b),
('e992cb4f579cfc206ca20e9341955195d129fc16', '::1', 1584067419, 0x5f5f63695f6c6173745f726567656e65726174657c693a313538343036373431393b),
('72a515c5faab56eda6026d4c535b046f82a1d3c9', '::1', 1584067761, 0x5f5f63695f6c6173745f726567656e65726174657c693a313538343036373736313b),
('043b7d67a93e8c21f6808a3385123593c2ce772a', '::1', 1584068156, 0x5f5f63695f6c6173745f726567656e65726174657c693a313538343036383135363b),
('c072c1f16cd42db003469673d347b8174e57f59d', '::1', 1584068589, 0x5f5f63695f6c6173745f726567656e65726174657c693a313538343036383538393b),
('00cbbc7d3e24fd1efae520c524aa67c6c60ac407', '::1', 1584069238, 0x5f5f63695f6c6173745f726567656e65726174657c693a313538343036393233383b),
('df9fdca4014c1e98547bf88bd552e1cf2085efea', '::1', 1584070042, 0x5f5f63695f6c6173745f726567656e65726174657c693a313538343037303034323b),
('a76752b1da09d49562666aa01ff944714496c43d', '::1', 1584070558, 0x5f5f63695f6c6173745f726567656e65726174657c693a313538343037303535383b),
('ded8aa5c11ba67fadb13589ff1700a88f86a0f0e', '::1', 1584070999, 0x5f5f63695f6c6173745f726567656e65726174657c693a313538343037303939393b),
('0bba7199d81d924a9ae4fbde7e42f0ea2e8aa683', '::1', 1584071457, 0x5f5f63695f6c6173745f726567656e65726174657c693a313538343037313435373b),
('c42d9ea641a70911bc756e22bd6f0451a01cb1ca', '::1', 1584072082, 0x5f5f63695f6c6173745f726567656e65726174657c693a313538343037323038323b),
('58bbc27ffa8d422f242f5f680dbcc41074303cfa', '::1', 1584073671, 0x5f5f63695f6c6173745f726567656e65726174657c693a313538343037333637313b),
('fc1caaf6ad72278f8bab46fd7e01036e8868c754', '::1', 1584073678, 0x5f5f63695f6c6173745f726567656e65726174657c693a313538343037333637313b),
('e44d80e16a0dbfff324cf78ca4bd1132407230cf', '::1', 1584670787, 0x5f5f63695f6c6173745f726567656e65726174657c693a313538343637303738373b757365725f69647c733a313a2231223b757365725f6e616d657c733a353a2261646d696e223b757365725f706173737c733a33323a223231323332663239376135376135613734333839346130653461383031666333223b757365725f6e616d617c733a31333a2241646d696e6973747261746f72223b),
('4a77efdf832e6bae6eaa603778390e848a2eff0e', '::1', 1584671234, 0x5f5f63695f6c6173745f726567656e65726174657c693a313538343637313233343b757365725f69647c733a313a2231223b757365725f6e616d657c733a353a2261646d696e223b757365725f706173737c733a33323a223231323332663239376135376135613734333839346130653461383031666333223b757365725f6e616d617c733a31333a2241646d696e6973747261746f72223b),
('e51d48dc031918cf9b6195c5a29e0a1e69ec633f', '::1', 1584671558, 0x5f5f63695f6c6173745f726567656e65726174657c693a313538343637313535383b757365725f69647c733a313a2231223b757365725f6e616d657c733a353a2261646d696e223b757365725f706173737c733a33323a223231323332663239376135376135613734333839346130653461383031666333223b757365725f6e616d617c733a31333a2241646d696e6973747261746f72223b),
('49f67edaba3ab8da7ee7d20bd047e57ef9c472cd', '::1', 1584671861, 0x5f5f63695f6c6173745f726567656e65726174657c693a313538343637313836313b757365725f69647c733a313a2231223b757365725f6e616d657c733a353a2261646d696e223b757365725f706173737c733a33323a223231323332663239376135376135613734333839346130653461383031666333223b757365725f6e616d617c733a31333a2241646d696e6973747261746f72223b),
('518f8a131b308166e0b4b6062bcc55d4cbd8f765', '::1', 1584672196, 0x5f5f63695f6c6173745f726567656e65726174657c693a313538343637323139363b757365725f69647c733a313a2231223b757365725f6e616d657c733a353a2261646d696e223b757365725f706173737c733a33323a223231323332663239376135376135613734333839346130653461383031666333223b757365725f6e616d617c733a31333a2241646d696e6973747261746f72223b),
('c7da4723233a96efa260141dc98ad6bb2793fa09', '::1', 1584673102, 0x5f5f63695f6c6173745f726567656e65726174657c693a313538343637333130323b757365725f69647c733a313a2231223b757365725f6e616d657c733a353a2261646d696e223b757365725f706173737c733a33323a223231323332663239376135376135613734333839346130653461383031666333223b757365725f6e616d617c733a31333a2241646d696e6973747261746f72223b),
('8dc63e4cd878c85a126bd854a5b11658e9bbc5b5', '::1', 1584673433, 0x5f5f63695f6c6173745f726567656e65726174657c693a313538343637333433333b757365725f69647c733a313a2231223b757365725f6e616d657c733a353a2261646d696e223b757365725f706173737c733a33323a223231323332663239376135376135613734333839346130653461383031666333223b757365725f6e616d617c733a31333a2241646d696e6973747261746f72223b),
('9fe1eab49293ccfd3e6b67b65f9527ced75cc64c', '::1', 1584673870, 0x5f5f63695f6c6173745f726567656e65726174657c693a313538343637333837303b757365725f69647c733a313a2231223b757365725f6e616d657c733a353a2261646d696e223b757365725f706173737c733a33323a223231323332663239376135376135613734333839346130653461383031666333223b757365725f6e616d617c733a31333a2241646d696e6973747261746f72223b),
('c7282cfa20e63da3b8e627455712cfa97b0759b3', '::1', 1584674335, 0x5f5f63695f6c6173745f726567656e65726174657c693a313538343637343333353b757365725f69647c733a313a2231223b757365725f6e616d657c733a353a2261646d696e223b757365725f706173737c733a33323a223231323332663239376135376135613734333839346130653461383031666333223b757365725f6e616d617c733a31333a2241646d696e6973747261746f72223b),
('abd21b6855b445faf5eb47d3df15d65e0429ba75', '::1', 1584674683, 0x5f5f63695f6c6173745f726567656e65726174657c693a313538343637343638333b757365725f69647c733a313a2231223b757365725f6e616d657c733a353a2261646d696e223b757365725f706173737c733a33323a223231323332663239376135376135613734333839346130653461383031666333223b757365725f6e616d617c733a31333a2241646d696e6973747261746f72223b),
('feb3a90e5f202405db04966c54400e661aab0cb0', '::1', 1584675111, 0x5f5f63695f6c6173745f726567656e65726174657c693a313538343637353131313b757365725f69647c733a313a2231223b757365725f6e616d657c733a353a2261646d696e223b757365725f706173737c733a33323a223231323332663239376135376135613734333839346130653461383031666333223b757365725f6e616d617c733a31333a2241646d696e6973747261746f72223b),
('043831570d3416cce1f659478134805d728420af', '::1', 1584675756, 0x5f5f63695f6c6173745f726567656e65726174657c693a313538343637353735363b757365725f69647c733a313a2231223b757365725f6e616d657c733a353a2261646d696e223b757365725f706173737c733a33323a223231323332663239376135376135613734333839346130653461383031666333223b757365725f6e616d617c733a31333a2241646d696e6973747261746f72223b),
('c799c0d9fb83e256e9970dd5f605f066a21e983a', '::1', 1584676146, 0x5f5f63695f6c6173745f726567656e65726174657c693a313538343637363134363b757365725f69647c733a313a2231223b757365725f6e616d657c733a353a2261646d696e223b757365725f706173737c733a33323a223231323332663239376135376135613734333839346130653461383031666333223b757365725f6e616d617c733a31333a2241646d696e6973747261746f72223b),
('fda230aac83c37c32bccec713b88bc6e0f89d2ec', '::1', 1584676469, 0x5f5f63695f6c6173745f726567656e65726174657c693a313538343637363436393b757365725f69647c733a313a2231223b757365725f6e616d657c733a353a2261646d696e223b757365725f706173737c733a33323a223231323332663239376135376135613734333839346130653461383031666333223b757365725f6e616d617c733a31333a2241646d696e6973747261746f72223b),
('c372f803ef21da756223df632e99c7bca0314d23', '::1', 1584677003, 0x5f5f63695f6c6173745f726567656e65726174657c693a313538343637373030333b757365725f69647c733a313a2231223b757365725f6e616d657c733a353a2261646d696e223b757365725f706173737c733a33323a223231323332663239376135376135613734333839346130653461383031666333223b757365725f6e616d617c733a31333a2241646d696e6973747261746f72223b),
('5ff31fc19f8f118ca74761d853ae3e5b9849f040', '::1', 1584677545, 0x5f5f63695f6c6173745f726567656e65726174657c693a313538343637373534353b757365725f69647c733a313a2231223b757365725f6e616d657c733a353a2261646d696e223b757365725f706173737c733a33323a223231323332663239376135376135613734333839346130653461383031666333223b757365725f6e616d617c733a31333a2241646d696e6973747261746f72223b),
('13269f9fc6cd60ab5f7b481211b6fd18d9da1007', '::1', 1584677966, 0x5f5f63695f6c6173745f726567656e65726174657c693a313538343637373936363b757365725f69647c733a313a2231223b757365725f6e616d657c733a353a2261646d696e223b757365725f706173737c733a33323a223231323332663239376135376135613734333839346130653461383031666333223b757365725f6e616d617c733a31333a2241646d696e6973747261746f72223b),
('8c88009335eb2cf8069a89581859e7acd839e019', '::1', 1584678326, 0x5f5f63695f6c6173745f726567656e65726174657c693a313538343637383332363b757365725f69647c733a313a2231223b757365725f6e616d657c733a353a2261646d696e223b757365725f706173737c733a33323a223231323332663239376135376135613734333839346130653461383031666333223b757365725f6e616d617c733a31333a2241646d696e6973747261746f72223b),
('8f05c1ea724f3aee09e1c4f3a38e70a6b882cc84', '::1', 1584678506, 0x5f5f63695f6c6173745f726567656e65726174657c693a313538343637383332363b757365725f69647c733a313a2231223b757365725f6e616d657c733a353a2261646d696e223b757365725f706173737c733a33323a223231323332663239376135376135613734333839346130653461383031666333223b757365725f6e616d617c733a31333a2241646d696e6973747261746f72223b),
('482a7bfc59a1c8aad29fa504e7a1e38ed8b7e10d', '::1', 1584838338, 0x5f5f63695f6c6173745f726567656e65726174657c693a313538343833383333343b757365725f69647c733a313a2231223b757365725f6e616d657c733a353a2261646d696e223b757365725f706173737c733a33323a223231323332663239376135376135613734333839346130653461383031666333223b757365725f6e616d617c733a31333a2241646d696e6973747261746f72223b),
('69a55f653ac9e55fbca741e1c39020a1c7635dea', '::1', 1585223656, 0x5f5f63695f6c6173745f726567656e65726174657c693a313538353232333635363b),
('c65ba34442bf2b9ebb6855d53a7eb2f9633d3cdb', '::1', 1585224340, 0x5f5f63695f6c6173745f726567656e65726174657c693a313538353232343334303b),
('58e5d30c16d11c957cb252691f7882eac4885659', '::1', 1585224642, 0x5f5f63695f6c6173745f726567656e65726174657c693a313538353232343634323b),
('c7e3e9ad3ab24346a549459320c5f6c64166d8b8', '::1', 1585224970, 0x5f5f63695f6c6173745f726567656e65726174657c693a313538353232343937303b),
('dbe55b647dd3802ba441923b61f592e29fa04497', '::1', 1585225374, 0x5f5f63695f6c6173745f726567656e65726174657c693a313538353232353337343b),
('fceed408476bccc46efc256c0a985d32b840c46a', '::1', 1585225718, 0x5f5f63695f6c6173745f726567656e65726174657c693a313538353232353731383b),
('7d4acfff97a600bf8fe4e246dbb099015609e2d3', '::1', 1585226133, 0x5f5f63695f6c6173745f726567656e65726174657c693a313538353232363133333b),
('e264378d9af093d733ef58196410ad0fe72672df', '::1', 1585226599, 0x5f5f63695f6c6173745f726567656e65726174657c693a313538353232363539393b),
('e945d456fbde2916e06dcd46174fc477c79a307d', '::1', 1585226921, 0x5f5f63695f6c6173745f726567656e65726174657c693a313538353232363932313b),
('83a4470e07c5c52d23804ab1f487e5bbf5bce0f8', '::1', 1585228339, 0x5f5f63695f6c6173745f726567656e65726174657c693a313538353232383333393b),
('86f3abb2ac22d3115fea0a4aa39af57951a84e14', '::1', 1585229046, 0x5f5f63695f6c6173745f726567656e65726174657c693a313538353232393034363b),
('37bee7f85f70fc104c759e0e61fb20b4d205494b', '::1', 1585229478, 0x5f5f63695f6c6173745f726567656e65726174657c693a313538353232393437383b),
('55dd3751482d9760c71ac8875582a9f41a3c62b3', '::1', 1585231917, 0x5f5f63695f6c6173745f726567656e65726174657c693a313538353233313931373b),
('e0511bb2484c17a3ce77ca6fd89e7d42be8d4651', '::1', 1585233162, 0x5f5f63695f6c6173745f726567656e65726174657c693a313538353233333136323b),
('25153aaac5fe8edb4c60bf335dc7db1e8bf5268b', '::1', 1585233512, 0x5f5f63695f6c6173745f726567656e65726174657c693a313538353233333531323b),
('55d2409cbf00cd4658b79ac372ac1fa969c96077', '::1', 1585233820, 0x5f5f63695f6c6173745f726567656e65726174657c693a313538353233333832303b),
('781748153e170c440f1e03ba9fc02b3689b48756', '::1', 1585234176, 0x5f5f63695f6c6173745f726567656e65726174657c693a313538353233343137363b),
('314bbbe11c90c23475222ed5c3ada4da1ce9e208', '::1', 1585234519, 0x5f5f63695f6c6173745f726567656e65726174657c693a313538353233343531393b),
('3dff3b6fa661af4215ecdbff815995fa947c2d4d', '::1', 1585234833, 0x5f5f63695f6c6173745f726567656e65726174657c693a313538353233343833333b),
('e8ba5acd62414d8da02396696e2de596fb1995ef', '::1', 1585235481, 0x5f5f63695f6c6173745f726567656e65726174657c693a313538353233353438313b),
('6aa814e36043831d6c8febe244dbd3d251024253', '::1', 1585235796, 0x5f5f63695f6c6173745f726567656e65726174657c693a313538353233353739363b),
('7fcc9244949ad3db81c67a9773cb59cc84298110', '::1', 1585236152, 0x5f5f63695f6c6173745f726567656e65726174657c693a313538353233363135323b),
('1be7e73867105dca9db599d2cb8fe8076ac2bbaf', '::1', 1585236474, 0x5f5f63695f6c6173745f726567656e65726174657c693a313538353233363437343b),
('54f3c4214acfa77cd0609dedbc2b68f59b98f8ae', '::1', 1585236775, 0x5f5f63695f6c6173745f726567656e65726174657c693a313538353233363737353b),
('938e043115bb8186069bd72bb358bd429f120489', '::1', 1585237077, 0x5f5f63695f6c6173745f726567656e65726174657c693a313538353233373037373b),
('20dd2a924ed09f9b1e5e4e88a9242a165cc25ac0', '::1', 1585237614, 0x5f5f63695f6c6173745f726567656e65726174657c693a313538353233373631343b),
('c6c98dab2b1af4562af184ebc1c409b677840773', '::1', 1585237693, 0x5f5f63695f6c6173745f726567656e65726174657c693a313538353233373631343b),
('1ba6e3705a73aa53ae81038a90de5740c6789b3c', '::1', 1585707421, 0x5f5f63695f6c6173745f726567656e65726174657c693a313538353730373431303b);

-- --------------------------------------------------------

--
-- Table structure for table `tbl_staff`
--

CREATE TABLE `tbl_staff` (
  `id_staff` int(11) NOT NULL,
  `id_peran` varchar(11) NOT NULL,
  `nama_staff` varchar(50) NOT NULL,
  `telepon_staff` varchar(20) NOT NULL,
  `gaji_staff` double NOT NULL,
  `username` varchar(20) NOT NULL,
  `password` varchar(30) NOT NULL
) ENGINE=InnoDB DEFAULT CHARSET=utf8mb4;

-- --------------------------------------------------------

--
-- Table structure for table `tbl_users`
--

CREATE TABLE `tbl_users` (
  `id_user` int(150) NOT NULL,
  `nama_user` varchar(150) NOT NULL,
  `username` varchar(150) NOT NULL,
  `password` varchar(150) NOT NULL,
  `created_at` datetime NOT NULL,
  `updated_at` datetime NOT NULL
) ENGINE=InnoDB DEFAULT CHARSET=latin1;

--
-- Dumping data for table `tbl_users`
--

INSERT INTO `tbl_users` (`id_user`, `nama_user`, `username`, `password`, `created_at`, `updated_at`) VALUES
(1, 'Administrator', 'admin', '21232f297a57a5a743894a0e4a801fc3', '2017-02-21 04:14:16', '2017-03-06 13:42:37');

--
-- Indexes for dumped tables
--

--
-- Indexes for table `tbl_anggaran`
--
ALTER TABLE `tbl_anggaran`
  ADD PRIMARY KEY (`id_anggaran`);

--
-- Indexes for table `tbl_bulan`
--
ALTER TABLE `tbl_bulan`
  ADD PRIMARY KEY (`id_bulan`);

--
-- Indexes for table `tbl_detail_anggaran`
--
ALTER TABLE `tbl_detail_anggaran`
  ADD PRIMARY KEY (`id_detail_anggaran`);

--
-- Indexes for table `tbl_kategori`
--
ALTER TABLE `tbl_kategori`
  ADD PRIMARY KEY (`id_kategori`);

--
-- Indexes for table `tbl_klien`
--
ALTER TABLE `tbl_klien`
  ADD PRIMARY KEY (`id_klien`),
  ADD UNIQUE KEY `email_klien` (`email_klien`);

--
-- Indexes for table `tbl_peran`
--
ALTER TABLE `tbl_peran`
  ADD PRIMARY KEY (`id_peran`);

--
-- Indexes for table `tbl_pos`
--
ALTER TABLE `tbl_pos`
  ADD PRIMARY KEY (`id_pos`),
  ADD KEY `id_kategori` (`id_kategori`);

--
-- Indexes for table `tbl_satuan`
--
ALTER TABLE `tbl_satuan`
  ADD PRIMARY KEY (`id_satuan`);

--
-- Indexes for table `tbl_users`
--
ALTER TABLE `tbl_users`
  ADD PRIMARY KEY (`id_user`);

--
-- AUTO_INCREMENT for dumped tables
--

--
-- AUTO_INCREMENT for table `tbl_anggaran`
--
ALTER TABLE `tbl_anggaran`
  MODIFY `id_anggaran` int(11) NOT NULL AUTO_INCREMENT, AUTO_INCREMENT=8;

--
-- AUTO_INCREMENT for table `tbl_detail_anggaran`
--
ALTER TABLE `tbl_detail_anggaran`
  MODIFY `id_detail_anggaran` int(11) NOT NULL AUTO_INCREMENT, AUTO_INCREMENT=17;

--
-- AUTO_INCREMENT for table `tbl_kategori`
--
ALTER TABLE `tbl_kategori`
  MODIFY `id_kategori` int(11) NOT NULL AUTO_INCREMENT, AUTO_INCREMENT=2;

--
-- AUTO_INCREMENT for table `tbl_klien`
--
ALTER TABLE `tbl_klien`
  MODIFY `id_klien` int(11) NOT NULL AUTO_INCREMENT, AUTO_INCREMENT=6;

--
-- AUTO_INCREMENT for table `tbl_pos`
--
ALTER TABLE `tbl_pos`
  MODIFY `id_pos` int(11) NOT NULL AUTO_INCREMENT, AUTO_INCREMENT=3;

--
-- AUTO_INCREMENT for table `tbl_satuan`
--
ALTER TABLE `tbl_satuan`
  MODIFY `id_satuan` int(11) NOT NULL AUTO_INCREMENT;

--
-- AUTO_INCREMENT for table `tbl_users`
--
ALTER TABLE `tbl_users`
  MODIFY `id_user` int(150) NOT NULL AUTO_INCREMENT, AUTO_INCREMENT=4;

--
-- Constraints for dumped tables
--

--
-- Constraints for table `tbl_pos`
--
ALTER TABLE `tbl_pos`
  ADD CONSTRAINT `tbl_pos_ibfk_1` FOREIGN KEY (`id_kategori`) REFERENCES `tbl_kategori` (`id_kategori`);
COMMIT;

/*!40101 SET CHARACTER_SET_CLIENT=@OLD_CHARACTER_SET_CLIENT */;
/*!40101 SET CHARACTER_SET_RESULTS=@OLD_CHARACTER_SET_RESULTS */;
/*!40101 SET COLLATION_CONNECTION=@OLD_COLLATION_CONNECTION */;
